id,first_name,last_name,email,gender,ip_address
SY006,Shara,Yashin,syashin0@mtv.com,Genderqueer,170.194.228.216
SS005,Stevy,Soots,ssoots1@ft.com,Bigender,198.143.104.72
CW010,Clarette,Weatherill,cweatherill2@paginegialle.it,Female,92.63.226.4
NJ006,Neddie,Jecock,njecock3@state.tx.us,Male,185.33.191.160
FB004,Federico,Boud,fboud4@about.com,Male,208.252.213.104
TG008,Tedie,Gladding,tgladding5@1688.com,Male,253.237.14.89
BL007,Basilius,Lydster,blydster6@columbia.edu,Male,30.225.103.51
TB008,Tiebold,Barnhill,tbarnhill7@narod.ru,Male,184.41.232.55
KH005,Kristy,Hills,khills8@soup.io,Female,129.110.197.160
BD004,Blithe,Dadd,bdadd9@ibm.com,Female,112.194.171.126
MD005,Mac,Dyers,mdyersa@deliciousdays.com,Male,189.246.73.64
HY007,Hillard,Younger,hyoungerb@studiopress.com,Male,40.118.53.252
YA007,Yvonne,Attreed,yattreedc@github.com,Female,250.32.20.252
CK005,Cassaundra,Keays,ckeaysd@rediff.com,Female,7.216.116.230
EL004,Ezri,Leed,eleede@github.com,Male,4.3.41.26
SJ007,Stephine,Jillins,sjillinsf@hp.com,Female,190.124.221.2
QZ009,Queenie,Zukierman,qzukiermang@stanford.edu,Female,199.157.166.149
KV011,Kristopher,Van Arsdall,kvanarsdallh@uol.com.br,Male,209.58.186.92
SM007,Silas,McArdle,smcardlei@furl.net,Male,247.39.251.92
LS006,Lonnard,Sowray,lsowrayj@omniture.com,Male,9.120.119.196
MC010,Maddi,Choldcroft,mcholdcroftk@csmonitor.com,Female,16.29.170.17
KB006,Kala,Boleyn,kboleynl@zimbio.com,Female,191.162.108.146
TJ010,Terrijo,Jakubovits,tjakubovitsm@hibu.com,Female,173.48.245.126
PA006,Porty,Airton,pairtonn@parallels.com,Male,135.143.100.126
DW009,Derron,Waterland,dwaterlando@vimeo.com,Male,229.155.234.233
RW004,Rob,Wenn,rwennp@blogtalkradio.com,Male,209.192.53.139
TR008,Tiebold,Rickards,trickardsq@tinypic.com,Male,184.123.176.68
EI004,Ethyl,Imms,eimmsr@icq.com,Female,4.154.105.153
AC008,Almira,Cluderay,acluderays@youtube.com,Genderqueer,238.183.233.178
CR009,Carly,Roadnight,croadnightt@google.nl,Male,197.69.237.102
BC006,Bryon,Cubbit,bcubbitu@sun.com,Male,93.216.127.0
ML007,Meyer,Leheude,mleheudev@adobe.com,Male,248.26.143.100
JN005,Jasmin,Noton,jnotonw@google.com.au,Female,84.240.141.210
BA005,Brittan,Abdie,babdiex@mapy.cz,Female,252.84.112.57
JH006,Janie,Hanlon,jhanlony@newsvine.com,Female,191.162.108.146
GM007,Griz,Mantrip,gmantripz@behance.net,Male,251.211.94.113
OG004,Othilia,Gulk,ogulk10@drupal.org,Female,132.239.118.198
BB009,Berke,Burbridge,bburbridge11@blog.com,Male,15.78.94.70
SP012,Shepard,Pittendreigh,spittendreigh12@vimeo.com,Male,244.46.229.141
EW005,Elsinore,Wyley,ewyley13@examiner.com,Female,188.53.141.16
PS011,Pearline,Serjeantson,pserjeantson14@mapquest.com,Female,146.170.132.122
KK004,Ken,Kynd,kkynd15@flickr.com,Bigender,97.2.61.149
AP007,Arley,Paulino,apaulino16@earthlink.net,Male,219.205.243.187
VA007,Valli,Abriani,vabriani17@usda.gov,Female,127.24.246.82
NB006,Norrie,Bathoe,nbathoe18@flickr.com,Male,252.187.234.203
JM007,Josey,Mapholm,jmapholm19@shutterfly.com,Genderqueer,191.162.108.146
EP005,Ermina,Pavic,epavic1a@histats.com,Genderqueer,203.210.250.110
SM009,Stanton,Mathissen,smathissen1b@who.int,Male,244.135.137.87
DG009,Doralynn,Greatreax,dgreatreax1c@sina.com.cn,Female,228.49.237.96
TC009,Tomaso,Crosfield,tcrosfield1d@washington.edu,Male,181.91.198.132
NH009,Napoleon,Hammerman,nhammerman1e@cornell.edu,Male,237.53.51.119
HA006,Hillie,Audley,haudley1f@istockphoto.com,Male,7.17.148.187
CC007,Corinne,Chumley,cchumley1g@multiply.com,Female,48.229.75.114
SP005,Syman,Pfaff,spfaff1h@mail.ru,Male,46.169.64.67
BS007,Bartholomeo,Scapens,bscapens1i@dropbox.com,Male,26.224.200.176
PO006,Pavia,Olyfat,polyfat1j@aol.com,Female,106.152.198.42
RW007,Reginald,Whatham,rwhatham1k@toplist.cz,Male,191.162.108.146
AC005,Ana,Cokly,acokly1l@linkedin.com,Female,208.252.229.126
JW006,Jillene,Wetton,jwetton1m@qq.com,Female,37.89.252.80
MD008,Merola,Davisson,mdavisson1n@chron.com,Female,101.185.71.171
RB006,Raf,Bowhay,rbowhay1o@admin.ch,Female,180.153.234.25
ZG009,Zonnya,Glaserman,zglaserman1p@reuters.com,Female,60.218.183.1
LG007,Louise,Goldman,lgoldman1q@hhs.gov,Female,48.188.65.41
GH006,Gabie,Hebden,ghebden1r@nba.com,Male,11.2.58.189
AE009,Archibald,Edinburgh,aedinburgh1s@webs.com,Male,43.180.129.158
JG007,Jori,Geraldi,jgeraldi1t@sphinn.com,Female,223.57.128.184
OB011,Orelle,Baskeyfield,obaskeyfield1u@newsvine.com,Female,14.145.251.158
VL005,Von,Light,vlight1v@furl.net,Male,193.252.97.168
EB006,Erny,Babber,ebabber1w@google.ru,Male,172.102.219.203
DB006,Devi,Bodker,dbodker1x@t-online.de,Female,90.94.141.218
TS008,Tully,Stoffers,tstoffers1y@msu.edu,Male,252.115.220.156
ED007,Esme,Denmead,edenmead1z@cloudflare.com,Female,9.39.205.161
EB008,Ellwood,Bonifant,ebonifant20@ameblo.jp,Male,247.221.39.220
SB009,Shawn,Batterson,sbatterson21@si.edu,Male,207.0.104.193
EM007,Eadith,Manicom,emanicom22@deviantart.com,Female,164.73.163.22
EB006,Erinna,Baddow,ebaddow23@google.cn,Female,97.191.169.158
CC007,Chilton,Carrell,ccarrell24@t.co,Male,54.52.1.107
AH008,Angelina,Humphrys,ahumphrys25@who.int,Female,14.234.210.179
ER005,Essa,Rapps,erapps26@marketwatch.com,Female,138.162.71.59
MA008,Marijn,Attridge,mattridge27@nytimes.com,Male,242.110.108.185
WC011,Willy,Cuthbertson,wcuthbertson28@admin.ch,Female,9.176.53.75
EL007,Erl,Lineker,elineker29@sohu.com,Male,201.61.202.232
RB005,Reine,Benit,rbenit2a@phoca.cz,Female,13.79.240.182
EM007,Ealasaid,Malpass,emalpass2b@imageshack.us,Bigender,163.165.4.106
SJ009,Sutton,Jeffcoate,sjeffcoate2c@ameblo.jp,Male,170.222.172.7
BM008,Beverley,McKinnon,bmckinnon2d@eventbrite.com,Female,170.38.220.176
VC008,Valle,Castanos,vcastanos2e@amazonaws.com,Male,233.16.95.48
VC009,Vally,Crowhurst,vcrowhurst2f@privacy.gov.au,Female,4.214.213.236
GD009,Gardener,Doumerque,gdoumerque2g@infoseek.co.jp,Male,50.103.223.142
GC008,Gertrudis,Caroline,gcaroline2h@nhs.uk,Female,210.110.214.106
MH006,Mandi,Hissie,mhissie2i@hugedomains.com,Genderqueer,251.149.170.159
SS006,Shalom,Stilgo,sstilgo2j@sun.com,Male,171.14.148.175
LB007,Loreen,Byrcher,lbyrcher2k@tamu.edu,Female,56.232.123.234
SM006,Shepherd,MacBey,smacbey2l@unblog.fr,Male,237.20.201.87
MW006,Marcelline,Weekes,mweekes2m@ameblo.jp,Female,183.239.138.179
CF006,Connor,Fearns,cfearns2n@google.de,Male,137.234.41.223
KA007,Kattie,Arnhold,karnhold2o@simplemachines.org,Bigender,57.60.187.52
MF006,Matthew,Fidian,mfidian2p@weebly.com,Male,249.92.42.246
GR007,Gery,Royston,groyston2q@opera.com,Male,35.136.10.54
MR007,Muffin,Restall,mrestall2r@ifeng.com,Male,210.0.152.59
